{
  "project_info": {
    "project_number": "624954568275",
    "firebase_url": "https://agendapet-ac142.firebaseio.com",
    "project_id": "agendapet-ac142",
    "storage_bucket": "agendapet-ac142.appspot.com"
  },
  "client": [
    {
      "client_info": {
        "mobilesdk_app_id": "1:624954568275:android:86ba3b26308b5c1333a0a6",
        "android_client_info": {
          "package_name": "com.converter.cambio.app_petshop"
        }
      },
      "oauth_client": [
        {
          "client_id": "624954568275-cjfh11ni2hn5nv39m15f037r0gvsfarj.apps.googleusercontent.com",
          "client_type": 1,
          "android_info": {
            "package_name": "com.converter.cambio.app_petshop",
            "certificate_hash": "419c62fd1000ddc7e80593c0aae3bd84ab27371e"
          }
        },
        {
          "client_id": "624954568275-9e7mcjri4l6q1eln3fn79d3g1er3b0ab.apps.googleusercontent.com",
          "client_type": 3
        }
      ],
      "api_key": [
        {
          "current_key": "AIzaSyAeUhurOOxRn2QPJGdjLqv_jy47EfqHPzY"
        }
      ],
      "services": {
        "appinvite_service": {
          "other_platform_oauth_client": [
            {
              "client_id": "624954568275-9e7mcjri4l6q1eln3fn79d3g1er3b0ab.apps.googleusercontent.com",
              "client_type": 3
            }
          ]
        }
      }
    }
  ],
  "configuration_version": "1"
}